201,StudyA,TestA,StudyB,TestB,StudyC,TestC,StudyD,TestD
202,StudyB,TestB,StudyC,TestC,StudyD,TestD,StudyA,TestA
203,StudyC,TestC,StudyD,TestD,StudyA,TestA,StudyB,TestB
205,StudyA,TestA,StudyB,TestB,StudyC,TestC,StudyD,TestD
208,StudyA,TestA,StudyB,TestB,StudyC,TestC,StudyD,TestD
209,StudyC,TestC,StudyD,TestD,StudyA,TestA,StudyB,TestB
210,StudyB,TestB,StudyC,TestC,StudyD,TestD,StudyA,TestA
211,StudyA,TestA,StudyB,TestB,StudyC,TestC,StudyD,TestD
212,StudyC,TestC,StudyD,TestD,StudyA,TestA,StudyB,TestB
213,StudyB,TestB,StudyC,TestC,StudyD,TestD,StudyA,TestA
215,StudyD,TestD,StudyA,TestA,StudyB,TestB,StudyC,TestC
217,StudyB,TestB,StudyC,TestC,StudyD,TestD,StudyA,TestA
218,StudyD,TestD,StudyA,TestA,StudyB,TestB,StudyC,TestC
219,StudyC,TestC,StudyD,TestD,StudyA,TestA,,
221,StudyA,TestA,StudyB,TestB,StudyC,TestC,StudyD,TestD
222,StudyA,TestA,StudyB,TestB,,,,
223,StudyC,TestC,StudyD,TestD,StudyA,TestA,StudyB,TestB
224,StudyB,TestB,StudyC,TestC,StudyD,TestD,StudyA,TestA
225,StudyA,TestA,StudyB,TestB,StudyC,TestC,StudyD,TestD
228,StudyC,TestC,StudyD,TestD,StudyA,TestA,StudyB,TestB
229,StudyD,TestD,StudyA,TestA,StudyB,TestB,StudyC,TestC
230,StudyB,TestB,StudyC,TestC,StudyD,TestD,StudyA,TestA
231,StudyA,TestA,StudyB,TestB,StudyC,TestC,StudyD,TestD
234,StudyB,TestB,StudyC,TestC,StudyD,TestD,StudyA,TestA
237,StudyB,TestB,StudyC,TestC,StudyD,TestD,StudyA,TestA
240,StudyC,TestC,StudyD,TestD,StudyA,TestA,StudyB,TestB
241,StudyB,TestB,StudyC,TestC,StudyD,TestD,StudyA,TestA
242,StudyD,TestD,StudyA,TestA,StudyB,TestB,StudyC,TestC
243,StudyD,TestD,StudyA,TestA,StudyB,TestB,StudyC,TestC
244,StudyA,TestA,StudyB,TestB,StudyC,TestC,StudyD,TestD
246,StudyA,TestA,StudyB,TestB,StudyC,TestC,StudyD,TestD
251,StudyC,TestC,StudyD,TestD,StudyA,TestA,StudyB,TestB
252,StudyD,TestD,StudyA,TestA,StudyB,TestB,StudyC,TestC
253,StudyA,TestA,StudyB,TestB,StudyC,TestC,StudyD,TestD
254,StudyB,TestB,StudyC,TestC,StudyD,TestD,StudyA,TestA
255,StudyC,TestC,StudyD,TestD,StudyA,TestA,StudyB,TestB
256,StudyD,TestD,StudyA,TestA,,,,
257,StudyA,TestA,StudyB,TestB,StudyC,TestC,StudyD,TestD
259,StudyB,TestB,StudyC,TestC,StudyD,TestD,StudyA,TestA
260,StudyD,TestD,StudyA,TestA,StudyB,TestB,StudyC,TestC
